time,open,high,low,close,tick_volume,spread,real_volume
2019-07-19,1.25448,1.25558,1.24768,1.24966,92261.0,11.0,0.0
2019-07-22,1.24845,1.25169,1.2454399999999999,1.24729,86581.0,12.0,0.0
2019-07-23,1.24736,1.24809,1.24167,1.24376,96165.0,11.0,0.0
2019-07-24,1.24359,1.2521200000000001,1.2426,1.24829,91058.0,11.0,0.0
2019-07-25,1.2483,1.25175,1.2436099999999999,1.24495,93840.0,11.0,0.0
2019-07-26,1.24458,1.24591,1.2375099999999999,1.23785,88235.0,11.0,0.0
2019-07-29,1.23745,1.23825,1.22107,1.22152,82772.0,11.0,0.0
2019-07-30,1.22162,1.22252,1.21179,1.21477,97870.0,12.0,0.0
2019-07-31,1.21477,1.22484,1.21336,1.21539,96149.0,11.0,0.0
2019-08-01,1.21555,1.21691,1.20787,1.21238,109215.0,11.0,0.0
2019-08-02,1.21265,1.21685,1.20895,1.21561,108842.0,12.0,0.0
2019-08-05,1.2156,1.21875,1.21005,1.21385,42085.0,11.0,0.0
2019-08-06,1.21365,1.22085,1.2134800000000001,1.21645,35584.0,11.0,0.0
2019-08-07,1.21645,1.219,1.21205,1.21378,42345.0,11.0,0.0
2019-08-08,1.21381,1.21816,1.20945,1.21305,36438.0,11.0,0.0
2019-08-09,1.21238,1.21465,1.20201,1.20206,24513.0,12.0,0.0
2019-08-12,1.20457,1.21066,1.2014,1.20746,15618.0,12.0,0.0
2019-08-13,1.20756,1.20976,1.20416,1.20586,18402.0,11.0,0.0
2019-08-14,1.2053,1.21001,1.20445,1.20525,38246.0,11.0,0.0
2019-08-15,1.20545,1.21502,1.20505,1.20859,32022.0,11.0,0.0
2019-08-16,1.20777,1.2174800000000001,1.20724,1.21423,31266.0,11.0,0.0
2019-08-19,1.21549,1.21722,1.21046,1.21247,28132.0,10.0,0.0
2019-08-20,1.21247,1.2178499999999999,1.20635,1.21638,29667.0,11.0,0.0
2019-08-21,1.21637,1.2174800000000001,1.21116,1.21206,24682.0,11.0,0.0
2019-08-22,1.21227,1.2273100000000001,1.21079,1.22501,36898.0,11.0,0.0
2019-08-23,1.22472,1.22933,1.21942,1.22821,57857.0,12.0,0.0
2019-08-26,1.2263600000000001,1.22849,1.22076,1.22152,64384.0,12.0,0.0
2019-08-27,1.2216,1.23081,1.22086,1.22865,60237.0,11.0,0.0
2019-08-28,1.22874,1.22904,1.21571,1.22081,53613.0,12.0,0.0
2019-08-29,1.22067,1.22319,1.21719,1.2178200000000001,60090.0,12.0,0.0
2019-08-30,1.21783,1.22249,1.21389,1.21597,58283.0,12.0,0.0
2019-09-02,1.21519,1.21743,1.20355,1.20635,53747.0,12.0,0.0
2019-09-03,1.20605,1.21054,1.19574,1.20797,79081.0,11.0,0.0
2019-09-04,1.20877,1.22561,1.20803,1.22487,58684.0,11.0,0.0
2019-09-05,1.22446,1.23532,1.22096,1.2324,92850.0,23.0,0.0
2019-09-06,1.2325599999999999,1.23433,1.22787,1.22847,71791.0,23.0,0.0
2019-09-09,1.22668,1.23852,1.22327,1.23398,79841.0,23.0,0.0
2019-09-10,1.23442,1.2379,1.23058,1.23482,71261.0,23.0,0.0
2019-09-11,1.2346,1.23705,1.23119,1.23214,75751.0,23.0,0.0
2019-09-12,1.23211,1.23659,1.22823,1.23257,86351.0,23.0,0.0
2019-09-13,1.2325,1.25049,1.2325,1.24969,75200.0,6.0,0.0
2019-09-16,1.24826,1.25027,1.23987,1.24199,75910.0,23.0,0.0
2019-09-17,1.24228,1.2527,1.23915,1.24957,65268.0,23.0,0.0
2019-09-18,1.24977,1.25113,1.24381,1.2465600000000001,67039.0,23.0,0.0
2019-09-19,1.24701,1.25601,1.24372,1.2518099999999999,69841.0,18.0,0.0
2019-09-20,1.25223,1.2582200000000001,1.24581,1.24688,73324.0,21.0,0.0
2019-09-23,1.24622,1.24899,1.24118,1.2422900000000001,64392.0,23.0,0.0
2019-09-24,1.24278,1.25026,1.24132,1.24846,65047.0,23.0,0.0
2019-09-25,1.24854,1.24948,1.2343600000000001,1.2343600000000001,65376.0,11.0,0.0
2019-09-26,1.23446,1.23796,1.23023,1.23187,46385.0,11.0,0.0
2019-09-27,1.23207,1.23356,1.22706,1.22836,41037.0,11.0,0.0
2019-09-30,1.22886,1.23449,1.22751,1.22896,43013.0,11.0,0.0
2019-10-01,1.22876,1.23385,1.22054,1.23028,56448.0,11.0,0.0
2019-10-02,1.22987,1.23231,1.22267,1.22947,39242.0,11.0,0.0
2019-10-03,1.22957,1.2413,1.22653,1.23283,50995.0,11.0,0.0
2019-10-04,1.23268,1.23568,1.22757,1.23308,48730.0,6.0,0.0
2019-10-07,1.23048,1.23365,1.22867,1.22906,39805.0,11.0,0.0
2019-10-08,1.22893,1.2302,1.21944,1.22157,55000.0,11.0,0.0
2019-10-09,1.2217500000000001,1.22856,1.21975,1.22041,54850.0,11.0,0.0
2019-10-10,1.22041,1.24693,1.22005,1.24373,69511.0,11.0,0.0
2019-10-11,1.24353,1.27065,1.24078,1.26453,78315.0,11.0,0.0
2019-10-14,1.26333,1.26492,1.25161,1.26057,61832.0,11.0,0.0
2019-10-15,1.26067,1.27993,1.25982,1.27821,81946.0,12.0,0.0
2019-10-16,1.27816,1.28777,1.2655699999999999,1.28243,104243.0,21.0,0.0
2019-10-17,1.2824200000000001,1.29894,1.2749,1.28892,107719.0,20.0,0.0
2019-10-18,1.28908,1.29797,1.28389,1.29762,83500.0,21.0,0.0
2019-10-21,1.2947,1.30124,1.28735,1.29573,80832.0,18.0,0.0
2019-10-22,1.29578,1.30007,1.28616,1.28682,89013.0,22.0,0.0
2019-10-23,1.28695,1.29215,1.2841,1.2911000000000001,75603.0,22.0,0.0
2019-10-24,1.2910300000000001,1.29497,1.27877,1.28474,72716.0,22.0,0.0
2019-10-25,1.28498,1.28628,1.28037,1.28229,57786.0,21.0,0.0
2019-10-28,1.2814,1.2876,1.28107,1.28546,55494.0,21.0,0.0
2019-10-29,1.28563,1.29044,1.28068,1.28621,51064.0,11.0,0.0
2019-10-30,1.28625,1.2907199999999999,1.28446,1.2898,65055.0,21.0,0.0
2019-10-31,1.2898,1.29753,1.28978,1.2925900000000001,71678.0,21.0,0.0
2019-11-01,1.29251,1.29726,1.29251,1.29362,45730.0,11.0,0.0
2019-11-04,1.29282,1.2943,1.28762,1.28812,40445.0,11.0,0.0
2019-11-05,1.28818,1.29175,1.2859,1.28806,51182.0,11.0,0.0
2019-11-06,1.28806,1.28972,1.28438,1.28509,37646.0,11.0,0.0
2019-11-07,1.28525,1.28781,1.2793700000000001,1.28122,52328.0,11.0,0.0
2019-11-08,1.28139,1.28223,1.27684,1.27728,37206.0,11.0,0.0
2019-11-11,1.27948,1.28976,1.2785199999999999,1.2852299999999999,42598.0,11.0,0.0
2019-11-12,1.28504,1.28736,1.2814999999999999,1.28449,44246.0,12.0,0.0
2019-11-13,1.2842500000000001,1.2861099999999999,1.2822200000000001,1.28494,47673.0,11.0,0.0
2019-11-14,1.2849599999999999,1.28883,1.2825199999999999,1.28806,44207.0,11.0,0.0
2019-11-15,1.28813,1.2919399999999999,1.28673,1.29014,42409.0,11.0,0.0
2019-11-18,1.29224,1.29848,1.29084,1.29511,38091.0,11.0,0.0
2019-11-19,1.29504,1.29705,1.29105,1.29254,49603.0,11.0,0.0
2019-11-20,1.29236,1.29307,1.28882,1.2922500000000001,38423.0,11.0,0.0
2019-11-21,1.29218,1.29705,1.28932,1.29052,42949.0,11.0,0.0
2019-11-22,1.29052,1.29283,1.28214,1.28297,61580.0,12.0,0.0
2019-11-25,1.28501,1.29117,1.28403,1.29001,56013.0,15.0,0.0
2019-11-26,1.28977,1.29034,1.28346,1.2864499999999999,57562.0,13.0,0.0
2019-11-27,1.28643,1.29215,1.28266,1.29203,65532.0,0.0,0.0
2019-11-28,1.29211,1.29508,1.28989,1.29091,56090.0,15.0,0.0
2019-11-29,1.29093,1.29419,1.28784,1.29287,55655.0,10.0,0.0
2019-12-02,1.2907,1.29486,1.28959,1.294,63155.0,19.0,0.0
2019-12-03,1.29394,1.3011599999999999,1.2929599999999999,1.29908,63317.0,21.0,0.0
2019-12-04,1.29916,1.3121,1.29826,1.31032,74956.0,19.0,0.0
2019-12-05,1.31034,1.31659,1.31021,1.31571,57858.0,20.0,0.0
2019-12-06,1.31559,1.31657,1.31005,1.31359,57689.0,20.0,0.0
2019-12-09,1.31336,1.31809,1.3131300000000001,1.3140800000000001,54212.0,18.0,0.0
2019-12-10,1.31376,1.32154,1.31326,1.31537,59990.0,18.0,0.0
2019-12-11,1.31542,1.32137,1.31058,1.31948,68371.0,17.0,0.0
2019-12-12,1.31933,1.3229600000000001,1.30497,1.3164,95858.0,17.0,0.0
2019-12-13,1.31486,1.35141,1.31486,1.3320400000000001,125962.0,0.0,0.0
2019-12-16,1.33334,1.3422,1.33206,1.33319,72578.0,29.0,0.0
2019-12-17,1.33318,1.33347,1.30982,1.31277,89302.0,29.0,0.0
2019-12-18,1.31284,1.31336,1.30589,1.30763,85621.0,29.0,0.0
2019-12-19,1.30761,1.31322,1.29889,1.30072,81401.0,27.0,0.0
2019-12-20,1.30072,1.3078400000000001,1.29773,1.29939,58075.0,29.0,0.0
2019-12-23,1.29963,1.3031,1.29036,1.29342,65571.0,28.0,0.0
2019-12-24,1.29332,1.29699,1.29077,1.29398,53683.0,26.0,0.0
2019-12-26,1.29531,1.30154,1.29459,1.29908,34047.0,32.0,0.0
2019-12-27,1.2986900000000001,1.31168,1.29674,1.30763,65388.0,33.0,0.0
2019-12-30,1.30853,1.31497,1.30628,1.31098,59026.0,33.0,0.0
2019-12-31,1.31093,1.32844,1.31029,1.32542,63287.0,33.0,0.0
2020-01-02,1.32469,1.32663,1.31148,1.31364,73905.0,34.0,0.0
2020-01-03,1.31336,1.31599,1.30528,1.3079399999999999,69159.0,36.0,0.0
2020-01-06,1.3081800000000001,1.31741,1.30633,1.31665,56818.0,36.0,0.0
2020-01-07,1.31632,1.32122,1.30945,1.3118400000000001,64004.0,19.0,0.0
2020-01-08,1.31148,1.31695,1.30799,1.30926,77089.0,19.0,0.0
2020-01-09,1.30922,1.31234,1.30126,1.30656,65598.0,19.0,0.0
2020-01-10,1.30655,1.30964,1.3041800000000001,1.30584,58031.0,18.0,0.0
2020-01-13,1.303,1.30451,1.29603,1.29882,58543.0,18.0,0.0
2020-01-14,1.29877,1.30325,1.29534,1.3018100000000001,60471.0,16.0,0.0
2020-01-15,1.30159,1.3042099999999999,1.29837,1.3037,56880.0,11.0,0.0
2020-01-16,1.30361,1.30827,1.3025,1.3077,59481.0,12.0,0.0
2020-01-17,1.30736,1.31183,1.30049,1.3005200000000001,59734.0,11.0,0.0
2020-01-20,1.2989600000000001,1.30126,1.29613,1.30068,37689.0,8.0,0.0
2020-01-21,1.30045,1.3083,1.29945,1.3045900000000001,51703.0,12.0,0.0
2020-01-22,1.30477,1.31529,1.30344,1.31378,61754.0,12.0,0.0
2020-01-23,1.31378,1.3151,1.3096700000000001,1.31235,55026.0,11.0,0.0
2020-01-24,1.31219,1.31744,1.30565,1.3072599999999999,60529.0,9.0,0.0
2020-01-27,1.3079,1.3105,1.3039,1.3054999999999999,48961.0,12.0,0.0
2020-01-28,1.30569,1.30648,1.29742,1.30267,46111.0,12.0,0.0
2020-01-29,1.30264,1.30292,1.29885,1.30155,40393.0,12.0,0.0
2020-01-30,1.3014299999999999,1.31098,1.29769,1.3090899999999999,59129.0,11.0,0.0
2020-01-31,1.30933,1.32089,1.3082500000000001,1.3204099999999999,57745.0,12.0,0.0
2020-02-03,1.31768,1.31842,1.29822,1.29921,60579.0,11.0,0.0
2020-02-04,1.29897,1.30456,1.29404,1.30289,55796.0,12.0,0.0
2020-02-05,1.3029,1.30694,1.29555,1.3,54446.0,12.0,0.0
2020-02-06,1.29961,1.30004,1.292,1.29277,48329.0,12.0,0.0
2020-02-07,1.29253,1.29583,1.28806,1.28821,54022.0,12.0,0.0
2020-02-10,1.28901,1.29455,1.28711,1.29143,51156.0,12.0,0.0
2020-02-11,1.29142,1.29673,1.28936,1.29508,50746.0,12.0,0.0
2020-02-12,1.2947600000000001,1.29911,1.29451,1.29574,48803.0,12.0,0.0
2020-02-13,1.29563,1.30692,1.29433,1.30393,56064.0,9.0,0.0
2020-02-14,1.30419,1.30631,1.30008,1.30456,42541.0,11.0,0.0
2020-02-17,1.30342,1.30535,1.29972,1.30036,31525.0,12.0,0.0
2020-02-18,1.30036,1.3048600000000001,1.29703,1.29955,47274.0,11.0,0.0
2020-02-19,1.29945,1.30226,1.29068,1.29172,42755.0,12.0,0.0
2020-02-20,1.29169,1.29278,1.28479,1.28799,45686.0,12.0,0.0
2020-02-21,1.28822,1.29804,1.2873299999999999,1.29529,45173.0,13.0,0.0
2020-02-24,1.29436,1.29541,1.28858,1.29236,45740.0,12.0,0.0
2020-02-25,1.29271,1.30175,1.29114,1.30041,49542.0,12.0,0.0
2020-02-26,1.30047,1.30077,1.28939,1.28974,52246.0,12.0,0.0
2020-02-27,1.2892000000000001,1.29455,1.28592,1.28829,58976.0,13.0,0.0
2020-02-28,1.28818,1.29187,1.27249,1.28152,73337.0,12.0,0.0
2020-03-02,1.27736,1.28499,1.27382,1.2751700000000001,75628.0,6.0,0.0
2020-03-03,1.2751299999999999,1.2843200000000001,1.27387,1.28107,77654.0,13.0,0.0
2020-03-04,1.28078,1.28718,1.27692,1.28708,54912.0,13.0,0.0
2020-03-05,1.28704,1.29681,1.28603,1.29531,44817.0,12.0,0.0
2020-03-06,1.29474,1.30522,1.29436,1.30451,78533.0,13.0,0.0
2020-03-09,1.30766,1.32002,1.3034,1.30925,147252.0,13.0,0.0
2020-03-10,1.30865,1.31151,1.28643,1.28787,104201.0,13.0,0.0
2020-03-11,1.28787,1.29756,1.28039,1.28175,82645.0,13.0,0.0
2020-03-12,1.28175,1.28482,1.24895,1.2576800000000001,115154.0,13.0,0.0
2020-03-13,1.25772,1.26234,1.22569,1.22767,125447.0,13.0,0.0
2020-03-16,1.24101,1.2422,1.22013,1.2268,156017.0,13.0,0.0
2020-03-17,1.22678,1.22723,1.20008,1.20571,165518.0,13.0,0.0
2020-03-18,1.20613,1.21288,1.14489,1.15773,160126.0,13.0,0.0
2020-03-19,1.15773,1.17923,1.1440299999999999,1.14648,175285.0,13.0,0.0
2020-03-20,1.14638,1.19331,1.14093,1.16195,164428.0,13.0,0.0
2020-03-23,1.1674,1.17131,1.1445,1.15326,160075.0,13.0,0.0
2020-03-24,1.15331,1.17985,1.14817,1.17429,138075.0,10.0,0.0
2020-03-25,1.17478,1.19723,1.16379,1.18704,130831.0,10.0,0.0
2020-03-26,1.18794,1.22286,1.1776200000000001,1.21529,126257.0,10.0,0.0
2020-03-27,1.21535,1.24848,1.21295,1.24489,149726.0,10.0,0.0
2020-03-30,1.24217,1.24664,1.23165,1.24124,110907.0,10.0,0.0
2020-03-31,1.24094,1.2472,1.22399,1.24123,129552.0,10.0,0.0
2020-04-01,1.24164,1.2443,1.23297,1.23714,91225.0,10.0,0.0
2020-04-02,1.23709,1.24747,1.23472,1.23948,96976.0,10.0,0.0
2020-04-03,1.23941,1.24024,1.22036,1.2264,85955.0,10.0,0.0
2020-04-06,1.22262,1.23264,1.22091,1.22306,78165.0,10.0,0.0
2020-04-07,1.22256,1.23837,1.21627,1.23307,84918.0,10.0,0.0
2020-04-08,1.23278,1.24187,1.22873,1.23777,67860.0,10.0,0.0
2020-04-09,1.23723,1.24827,1.23589,1.24516,70608.0,10.0,0.0
2020-04-10,1.24524,1.24856,1.24431,1.24431,28091.0,10.0,0.0
2020-04-13,1.24495,1.2536399999999999,1.24487,1.25048,40628.0,10.0,0.0
2020-04-14,1.25047,1.26465,1.25008,1.26192,61532.0,10.0,0.0
2020-04-15,1.26176,1.263,1.2435100000000001,1.25126,61343.0,10.0,0.0
2020-04-16,1.25165,1.2527599999999999,1.24076,1.24525,66455.0,10.0,0.0
2020-04-17,1.24554,1.25227,1.2406,1.24954,62360.0,10.0,0.0
2020-04-20,1.24961,1.24992,1.24154,1.24301,52128.0,10.0,0.0
2020-04-21,1.24288,1.24478,1.22461,1.22881,69139.0,10.0,0.0
2020-04-22,1.22835,1.23851,1.22738,1.23319,46201.0,10.0,0.0
2020-04-23,1.23304,1.2414100000000001,1.23071,1.23433,54258.0,10.0,0.0
2020-04-24,1.23429,1.23757,1.22967,1.23592,44606.0,10.0,0.0
2020-04-27,1.23614,1.24542,1.23588,1.2427,39999.0,10.0,0.0
2020-04-28,1.2427,1.2518099999999999,1.24031,1.242,43490.0,10.0,0.0
2020-04-29,1.2417,1.2484899999999999,1.23881,1.24663,45067.0,10.0,0.0
2020-04-30,1.24604,1.26423,1.24288,1.2589000000000001,58707.0,10.0,0.0
2020-05-01,1.25851,1.26001,1.24821,1.24921,43108.0,10.0,0.0
2020-05-04,1.24844,1.24847,1.24044,1.2442199999999999,44389.0,10.0,0.0
2020-05-05,1.2441,1.24829,1.24193,1.24315,46602.0,10.0,0.0
2020-05-06,1.24295,1.24493,1.23343,1.23373,44598.0,10.0,0.0
2020-05-07,1.23445,1.24167,1.2265,1.2358,49250.0,10.0,0.0
2020-05-08,1.23496,1.24644,1.23464,1.23955,33974.0,10.0,0.0
2020-05-11,1.24066,1.24348,1.22794,1.23276,44479.0,10.0,0.0
2020-05-12,1.23247,1.23745,1.22521,1.22547,49772.0,10.0,0.0
2020-05-13,1.22532,1.23368,1.22079,1.22313,55235.0,10.0,0.0
2020-05-14,1.22218,1.22398,1.2163599999999999,1.22212,50292.0,10.0,0.0
2020-05-15,1.22202,1.22372,1.20976,1.20989,49260.0,10.0,0.0
2020-05-18,1.20777,1.22261,1.20728,1.21916,48289.0,10.0,0.0
2020-05-19,1.21918,1.22945,1.21811,1.22428,48313.0,10.0,0.0
2020-05-20,1.22494,1.22859,1.22196,1.22333,44526.0,10.0,0.0
2020-05-21,1.22415,1.22489,1.21847,1.2219,45291.0,10.0,0.0
2020-05-22,1.2214,1.2233100000000001,1.21608,1.21637,40671.0,10.0,0.0
2020-05-25,1.21721,1.22028,1.21632,1.2184599999999999,29950.0,10.0,0.0
2020-05-26,1.21832,1.23629,1.21778,1.23278,45074.0,10.0,0.0
2020-05-27,1.23266,1.2353399999999999,1.2203,1.22593,61788.0,10.0,0.0
2020-05-28,1.22571,1.23444,1.22327,1.2316,55200.0,10.0,0.0
2020-05-29,1.23117,1.23933,1.22898,1.23441,72319.0,10.0,0.0
2020-06-01,1.23194,1.25064,1.23194,1.24878,53766.0,10.0,0.0
2020-06-02,1.2488,1.25756,1.24779,1.25501,59007.0,10.0,0.0
2020-06-03,1.25484,1.26148,1.25444,1.2572999999999999,63917.0,10.0,0.0
2020-06-04,1.25685,1.26327,1.25003,1.25965,66173.0,10.0,0.0
2020-06-05,1.25957,1.27308,1.25827,1.26668,67131.0,10.0,0.0
2020-06-08,1.26807,1.27353,1.26274,1.27219,49030.0,10.0,0.0
2020-06-09,1.27218,1.27556,1.2616800000000001,1.27274,57413.0,10.0,0.0
2020-06-10,1.27237,1.28125,1.2705899999999999,1.27467,77732.0,5.0,0.0
2020-06-11,1.27433,1.27538,1.25854,1.2601,90407.0,10.0,0.0
2020-06-12,1.25994,1.26528,1.24726,1.25375,91085.0,10.0,0.0
2020-06-15,1.25098,1.26067,1.24537,1.2604199999999999,82053.0,10.0,0.0
2020-06-16,1.2604600000000001,1.26872,1.2551700000000001,1.25704,84900.0,8.0,0.0
2020-06-17,1.25705,1.2588300000000001,1.25102,1.25545,73875.0,8.0,0.0
2020-06-18,1.25553,1.25666,1.24009,1.24234,70091.0,8.0,0.0
2020-06-19,1.24058,1.24552,1.23386,1.23472,61451.0,8.0,0.0
2020-06-22,1.23387,1.24765,1.23344,1.24675,52682.0,8.0,0.0
2020-06-23,1.2458,1.25317,1.24313,1.2518799999999999,64772.0,8.0,0.0
2020-06-24,1.25135,1.25424,1.24134,1.24136,65014.0,8.0,0.0
2020-06-25,1.24122,1.24635,1.2388,1.24172,55581.0,8.0,0.0
2020-06-26,1.24216,1.24364,1.23133,1.23345,46718.0,8.0,0.0
2020-06-29,1.23335,1.23885,1.22505,1.22969,43811.0,8.0,0.0
2020-06-30,1.22962,1.24013,1.22567,1.24001,47743.0,8.0,0.0
2020-07-01,1.23983,1.24901,1.23589,1.24747,47397.0,8.0,0.0
2020-07-02,1.24638,1.25296,1.24559,1.24671,45663.0,8.0,0.0
2020-07-03,1.24648,1.24863,1.24375,1.24815,40304.0,8.0,0.0
2020-07-06,1.2462900000000001,1.25201,1.24603,1.24915,41862.0,8.0,0.0
2020-07-07,1.24872,1.2591999999999999,1.24621,1.25403,47075.0,8.0,0.0
2020-07-08,1.25438,1.2622900000000001,1.25081,1.26094,49538.0,8.0,0.0
2020-07-09,1.26097,1.26695,1.25909,1.26062,53732.0,8.0,0.0
2020-07-10,1.26054,1.26637,1.25664,1.26214,41741.0,8.0,0.0
2020-07-13,1.26309,1.2665899999999999,1.25495,1.25535,44822.0,8.0,0.0
2020-07-14,1.25528,1.25635,1.2479,1.25529,53361.0,8.0,0.0
2020-07-15,1.25458,1.26494,1.25434,1.25871,46736.0,8.0,0.0
2020-07-16,1.25777,1.26244,1.25191,1.25532,44829.0,8.0,0.0
2020-07-17,1.25515,1.25739,1.25108,1.25655,34082.0,8.0,0.0
2020-07-20,1.2552400000000001,1.2665600000000001,1.2517,1.26623,40545.0,8.0,0.0
2020-07-21,1.26532,1.2768,1.26501,1.27309,46195.0,8.0,0.0
2020-07-22,1.27272,1.27433,1.26433,1.27335,53160.0,8.0,0.0
2020-07-23,1.27193,1.2759800000000001,1.26728,1.27399,54465.0,8.0,0.0
2020-07-24,1.27252,1.2803499999999999,1.27169,1.27935,48086.0,8.0,0.0
2020-07-27,1.2790599999999999,1.29024,1.2777,1.28816,48195.0,8.0,0.0
2020-07-28,1.2877,1.29527,1.28376,1.2931599999999999,50890.0,8.0,0.0
2020-07-29,1.29261,1.30129,1.29119,1.2996400000000001,52658.0,8.0,0.0
2020-07-30,1.29892,1.31026,1.2944,1.30949,56078.0,8.0,0.0
2020-07-31,1.30929,1.317,1.30698,1.30843,68302.0,8.0,0.0
2020-08-03,1.30755,1.3112,1.30044,1.30743,55723.0,8.0,0.0
2020-08-04,1.30747,1.3107199999999999,1.29807,1.30716,48405.0,8.0,0.0
2020-08-05,1.30626,1.3161,1.3051300000000001,1.31137,48631.0,8.0,0.0
2020-08-06,1.31135,1.31854,1.31111,1.31419,63965.0,8.0,0.0
2020-08-07,1.31488,1.3149600000000001,1.30091,1.30497,59302.0,8.0,0.0
2020-08-10,1.30592,1.3103,1.30185,1.30722,41686.0,8.0,0.0
2020-08-11,1.30677,1.31314,1.30412,1.30471,55670.0,8.0,0.0
2020-08-12,1.3047,1.3067199999999999,1.3005,1.30311,58096.0,8.0,0.0
2020-08-13,1.30304,1.31243,1.30273,1.30664,49061.0,8.0,0.0
2020-08-14,1.30497,1.31424,1.3048199999999999,1.30834,43592.0,8.0,0.0
2020-08-17,1.309,1.31213,1.30734,1.31026,42021.0,8.0,0.0
2020-08-18,1.30966,1.32497,1.30932,1.32389,50344.0,8.0,0.0
2020-08-19,1.3234,1.32672,1.30923,1.30923,58847.0,8.0,0.0
2020-08-20,1.30933,1.32242,1.3063799999999999,1.32139,65316.0,8.0,0.0
2020-08-21,1.32139,1.32549,1.30579,1.30887,63582.0,8.0,0.0
2020-08-24,1.30792,1.31486,1.30526,1.30626,45184.0,8.0,0.0
2020-08-25,1.30558,1.31701,1.30528,1.31507,51915.0,8.0,0.0
2020-08-26,1.31448,1.3219,1.3117,1.32091,47408.0,8.0,0.0
2020-08-27,1.32022,1.3284,1.31608,1.31985,71409.0,8.0,0.0
2020-08-28,1.31979,1.33564,1.3186200000000001,1.33499,64152.0,8.0,0.0
2020-08-31,1.33325,1.33954,1.3301,1.33687,51085.0,8.0,0.0
2020-09-01,1.33666,1.34823,1.33561,1.3383099999999999,65523.0,8.0,0.0
2020-09-02,1.3376000000000001,1.34022,1.32829,1.33504,57790.0,8.0,0.0
2020-09-03,1.33414,1.33588,1.3241800000000001,1.32804,63858.0,8.0,0.0
2020-09-04,1.32699,1.3318699999999999,1.31752,1.32789,65402.0,8.0,0.0
2020-09-07,1.3244799999999999,1.32646,1.31394,1.31575,41221.0,8.0,0.0
2020-09-08,1.31574,1.31689,1.29787,1.29796,63554.0,8.0,0.0
2020-09-09,1.29799,1.30225,1.28836,1.30009,57925.0,8.0,0.0
2020-09-10,1.29879,1.30343,1.27721,1.28037,69943.0,8.0,0.0
2020-09-11,1.28004,1.2864900000000001,1.27614,1.2794400000000001,56663.0,8.0,0.0
2020-09-14,1.27753,1.29185,1.27718,1.28413,45989.0,8.0,0.0
2020-09-15,1.28453,1.29257,1.28138,1.28882,48018.0,8.0,0.0
2020-09-16,1.2883,1.3007,1.28743,1.29666,62181.0,8.0,0.0
2020-09-17,1.29645,1.29978,1.2864200000000001,1.2973,69043.0,8.0,0.0
2020-09-18,1.29704,1.29993,1.29132,1.29154,53360.0,8.0,0.0
2020-09-21,1.29195,1.2965900000000001,1.27739,1.28152,62672.0,8.0,0.0
2020-09-22,1.28076,1.28663,1.27098,1.27284,65025.0,8.0,0.0
2020-09-23,1.27261,1.27767,1.26745,1.27197,76746.0,0.0,0.0
2020-09-24,1.27206,1.27807,1.26898,1.2737,88050.0,5.0,0.0
2020-09-25,1.27423,1.28046,1.26868,1.27407,64773.0,5.0,0.0
2020-09-28,1.27569,1.29303,1.2745,1.28278,61639.0,5.0,0.0
2020-09-29,1.2827,1.29029,1.2822200000000001,1.28599,67946.0,5.0,0.0
2020-09-30,1.28609,1.29429,1.2805,1.29099,91676.0,5.0,0.0
2020-10-01,1.2918,1.29788,1.2818399999999999,1.28797,90800.0,5.0,0.0
2020-10-02,1.2889300000000001,1.29541,1.28354,1.29239,96935.0,5.0,0.0
2020-10-05,1.29325,1.29908,1.28994,1.29701,57639.0,5.0,0.0
2020-10-06,1.297,1.30071,1.28662,1.28678,73654.0,5.0,0.0
2020-10-07,1.2876,1.29295,1.28443,1.29094,70648.0,5.0,0.0
2020-10-08,1.2913299999999999,1.29705,1.28906,1.29309,58553.0,5.0,0.0
2020-10-09,1.29205,1.30502,1.29118,1.30454,55057.0,5.0,0.0
2020-10-12,1.30227,1.30827,1.30053,1.30631,48147.0,5.0,0.0
2020-10-13,1.30623,1.3068,1.29213,1.2926,64711.0,5.0,0.0
2020-10-14,1.29326,1.30648,1.28619,1.30091,63095.0,5.0,0.0
2020-10-15,1.30075,1.303,1.28897,1.28986,74011.0,5.0,0.0
2020-10-16,1.28979,1.29622,1.28601,1.29074,62845.0,5.0,0.0
2020-10-19,1.28915,1.3024499999999999,1.28911,1.29436,60428.0,6.0,0.0
2020-10-20,1.29432,1.29796,1.2910599999999999,1.29414,58167.0,6.0,0.0
2020-10-21,1.29414,1.31778,1.29314,1.31353,70188.0,6.0,0.0
2020-10-22,1.31393,1.31535,1.30704,1.30744,61693.0,6.0,0.0
2020-10-23,1.30862,1.31222,1.30185,1.30416,56030.0,6.0,0.0
2020-10-26,1.3049,1.30748,1.29924,1.3014999999999999,57570.0,6.0,0.0
2020-10-27,1.30154,1.30797,1.30004,1.30404,42087.0,8.0,0.0
2020-10-28,1.30398,1.3063799999999999,1.29158,1.2983,55974.0,8.0,0.0
2020-10-29,1.2983,1.30251,1.28802,1.29253,58456.0,8.0,0.0
2020-10-30,1.29256,1.29878,1.28983,1.29328,60493.0,8.0,0.0
2020-11-02,1.29244,1.29423,1.28526,1.2916,48062.0,8.0,0.0
2020-11-03,1.29126,1.30788,1.2904499999999999,1.30508,45320.0,8.0,0.0
2020-11-04,1.30515,1.31399,1.2913700000000001,1.2987,98778.0,8.0,0.0
2020-11-05,1.2987,1.31544,1.2931300000000001,1.31455,73030.0,8.0,0.0
2020-11-06,1.31442,1.31769,1.30922,1.31495,69001.0,8.0,0.0
2020-11-09,1.31565,1.32077,1.31181,1.31626,84907.0,8.0,0.0
2020-11-10,1.31613,1.32782,1.31546,1.32715,78757.0,8.0,0.0
2020-11-11,1.32697,1.33131,1.31912,1.32214,57874.0,8.0,0.0
2020-11-12,1.32178,1.32282,1.31057,1.31141,54398.0,8.0,0.0
2020-11-13,1.3114,1.32003,1.31083,1.31958,43323.0,4.0,0.0
2020-11-16,1.31789,1.32425,1.31653,1.32007,53558.0,4.0,0.0
2020-11-17,1.31961,1.32733,1.31787,1.32489,68459.0,4.0,0.0
2020-11-18,1.32427,1.33127,1.32369,1.32687,48309.0,4.0,0.0
2020-11-19,1.3266499999999999,1.32798,1.3195700000000001,1.32612,59729.0,4.0,0.0
2020-11-20,1.32606,1.32983,1.32452,1.32816,52729.0,4.0,0.0
2020-11-23,1.32889,1.33979,1.32637,1.33106,54818.0,6.0,0.0
2020-11-24,1.33233,1.3381,1.32928,1.33478,61798.0,6.0,0.0
2020-11-25,1.33554,1.33937,1.33044,1.33792,62485.0,6.0,0.0
2020-11-26,1.33671,1.33984,1.33219,1.33522,40996.0,6.0,0.0
2020-11-27,1.33563,1.33822,1.32843,1.33195,58609.0,6.0,0.0
2020-11-30,1.33277,1.3384800000000001,1.33,1.33127,66177.0,6.0,0.0
2020-12-01,1.33189,1.34421,1.33127,1.3406500000000001,59675.0,6.0,0.0
2020-12-02,1.3415599999999999,1.34413,1.32868,1.3357299999999999,68858.0,6.0,0.0
2020-12-03,1.33606,1.35007,1.33447,1.3446500000000001,60392.0,6.0,0.0
2020-12-04,1.34451,1.35394,1.341,1.34306,65614.0,6.0,0.0
2020-12-07,1.34079,1.34379,1.32243,1.3374,68273.0,6.0,0.0
2020-12-08,1.33705,1.33934,1.32893,1.3345,74556.0,6.0,0.0
2020-12-09,1.33495,1.34779,1.3339699999999999,1.3395299999999999,60037.0,6.0,0.0
2020-12-10,1.33805,1.34106,1.32455,1.32918,68333.0,6.0,0.0
2020-12-11,1.32869,1.33251,1.31346,1.32159,65403.0,6.0,0.0
2020-12-14,1.33609,1.34458,1.3290199999999999,1.33243,61035.0,6.0,0.0
2020-12-15,1.3316,1.34693,1.32803,1.34588,70651.0,6.0,0.0
2020-12-16,1.34522,1.35552,1.34345,1.35046,65490.0,6.0,0.0
2020-12-17,1.35018,1.36245,1.3491900000000001,1.35776,58590.0,6.0,0.0
2020-12-18,1.35857,1.359,1.34718,1.35119,57197.0,6.0,0.0
2020-12-21,1.34037,1.34992,1.31866,1.34549,88389.0,6.0,0.0
2020-12-22,1.3461,1.34698,1.33033,1.33555,72311.0,6.0,0.0
2020-12-23,1.33452,1.35713,1.3344,1.34769,74879.0,6.0,0.0
2020-12-24,1.34876,1.36193,1.34769,1.3554300000000001,55153.0,6.0,0.0
2020-12-28,1.3544,1.35758,1.3429,1.34462,49554.0,6.0,0.0
2020-12-29,1.34422,1.35227,1.3437299999999999,1.34931,63319.0,8.0,0.0
2020-12-30,1.34966,1.36264,1.34913,1.36194,66310.0,8.0,0.0
2020-12-31,1.36113,1.36862,1.35983,1.36587,59821.0,8.0,0.0
2021-01-04,1.36489,1.37039,1.35413,1.35608,85345.0,4.0,0.0
2021-01-05,1.35694,1.36419,1.35542,1.36203,90873.0,4.0,0.0
2021-01-06,1.36173,1.36712,1.35365,1.3603,112708.0,4.0,0.0
2021-01-07,1.36071,1.36335,1.3532,1.35608,82392.0,4.0,0.0
2021-01-08,1.35594,1.36359,1.3538000000000001,1.3559999999999999,89145.0,4.0,0.0
2021-01-11,1.3550200000000001,1.3569,1.34498,1.35074,68482.0,4.0,0.0
2021-01-12,1.35141,1.36704,1.3503,1.36579,64434.0,4.0,0.0
2021-01-13,1.36593,1.37015,1.36118,1.36273,59180.0,4.0,0.0
2021-01-14,1.3636300000000001,1.37114,1.36165,1.36806,66166.0,4.0,0.0
2021-01-15,1.36852,1.36982,1.35717,1.35731,62736.0,4.0,0.0
2021-01-18,1.35835,1.3599700000000001,1.35185,1.35801,52671.0,4.0,0.0
2021-01-19,1.35843,1.36367,1.35708,1.36301,52376.0,5.0,0.0
2021-01-20,1.36242,1.37192,1.36224,1.36502,56595.0,4.0,0.0
2021-01-21,1.36477,1.3746800000000001,1.36456,1.37256,59761.0,4.0,0.0
2021-01-22,1.37301,1.37369,1.36354,1.36803,55123.0,4.0,0.0
2021-01-25,1.36779,1.37238,1.36486,1.3669799999999999,64670.0,4.0,0.0
2021-01-26,1.36747,1.3745,1.3609,1.37279,54187.0,4.0,0.0
2021-01-27,1.3729,1.37594,1.36592,1.3679700000000001,77054.0,4.0,0.0
2021-01-28,1.3681,1.3746399999999999,1.36299,1.3711,77506.0,4.0,0.0
2021-01-29,1.37169,1.37517,1.36571,1.36979,89223.0,4.0,0.0
2021-02-01,1.3703699999999999,1.3758,1.36555,1.36571,70725.0,4.0,0.0
2021-02-02,1.36569,1.37106,1.36104,1.36606,62808.0,4.0,0.0
2021-02-03,1.3666800000000001,1.36832,1.3618700000000001,1.36365,58438.0,4.0,0.0
2021-02-04,1.36405,1.36981,1.35653,1.36662,64269.0,4.0,0.0
2021-02-05,1.36663,1.37406,1.36561,1.37303,54581.0,4.0,0.0
2021-02-08,1.3713199999999999,1.3749799999999999,1.36802,1.37325,46014.0,4.0,0.0
2021-02-09,1.37356,1.38213,1.37307,1.38113,51078.0,4.0,0.0
2021-02-10,1.381,1.3866800000000001,1.38034,1.38292,56624.0,4.0,0.0
2021-02-11,1.38263,1.38601,1.38011,1.3811,39137.0,4.0,0.0
2021-02-12,1.38119,1.3862999999999999,1.37761,1.38433,40932.0,4.0,0.0
2021-02-15,1.3852,1.39198,1.38446,1.38974,43281.0,4.0,0.0
2021-02-16,1.39054,1.3952499999999999,1.38696,1.38994,53929.0,4.0,0.0
2021-02-17,1.39022,1.39082,1.38294,1.38636,59150.0,4.0,0.0
2021-02-18,1.38509,1.39868,1.38399,1.39675,58209.0,4.0,0.0
2021-02-19,1.39691,1.40367,1.39519,1.40055,51698.0,4.0,0.0
2021-02-22,1.4012,1.4086699999999999,1.39811,1.40558,55768.0,4.0,0.0
2021-02-23,1.40582,1.41174,1.40544,1.41055,53885.0,4.0,0.0
2021-02-24,1.41005,1.4238,1.40824,1.41341,63287.0,4.0,0.0
2021-02-25,1.4136199999999999,1.41829,1.39995,1.4001299999999999,85231.0,4.0,0.0
2021-02-26,1.40046,1.40256,1.3887,1.39109,105196.0,4.0,0.0
2021-03-01,1.39277,1.39989,1.39033,1.3914900000000001,64250.0,4.0,0.0
2021-03-02,1.39203,1.39767,1.38586,1.3945,68577.0,4.0,0.0
2021-03-03,1.39516,1.40063,1.39207,1.3946,70546.0,4.0,0.0
2021-03-04,1.3945400000000001,1.40171,1.38797,1.38877,90825.0,4.0,0.0
2021-03-05,1.3890500000000001,1.39062,1.37774,1.3832,88627.0,4.0,0.0
2021-03-08,1.38092,1.38647,1.37996,1.38168,73124.0,4.0,0.0
2021-03-09,1.38166,1.39258,1.3801,1.38855,68153.0,4.0,0.0
2021-03-10,1.38889,1.3938,1.38449,1.39314,59616.0,4.0,0.0
2021-03-11,1.39265,1.39962,1.3918599999999999,1.39879,64048.0,4.0,0.0
2021-03-12,1.39826,1.40048,1.3862700000000001,1.3912200000000001,68363.0,4.0,0.0
2021-03-15,1.39195,1.39496,1.38522,1.3900000000000001,67061.0,4.0,0.0
2021-03-16,1.38999,1.39059,1.38083,1.38916,57669.0,4.0,0.0
2021-03-17,1.38921,1.39709,1.38504,1.39612,62805.0,4.0,0.0
2021-03-18,1.39604,1.4001700000000001,1.38967,1.3927,78658.0,4.0,0.0
2021-03-19,1.39253,1.39593,1.38297,1.38555,63133.0,4.0,0.0
2021-03-22,1.3836300000000001,1.38765,1.3817,1.3858,41819.0,4.0,0.0
2021-03-23,1.38581,1.38639,1.37394,1.37487,48687.0,4.0,0.0
2021-03-24,1.37487,1.37568,1.36728,1.36853,46231.0,4.0,0.0
2021-03-25,1.36853,1.3744399999999999,1.36691,1.37371,47890.0,4.0,0.0
2021-03-26,1.37379,1.38127,1.37305,1.37884,37931.0,4.0,0.0
2021-03-29,1.37897,1.38469,1.37549,1.37573,41403.0,4.0,0.0
2021-03-30,1.37606,1.37828,1.37053,1.37365,42396.0,4.0,0.0
2021-03-31,1.37308,1.3812,1.3715600000000001,1.37772,45942.0,4.0,0.0
2021-04-01,1.37796,1.38366,1.37452,1.38306,52374.0,4.0,0.0
2021-04-02,1.38276,1.38524,1.381,1.38211,24808.0,5.0,0.0
2021-04-05,1.38231,1.39139,1.38129,1.38988,22343.0,4.0,0.0
2021-04-06,1.38932,1.39188,1.38011,1.38187,40059.0,4.0,0.0
2021-04-07,1.38097,1.38392,1.37235,1.37356,46598.0,5.0,0.0
2021-04-08,1.37282,1.37815,1.3718,1.37268,43965.0,4.0,0.0
2021-04-09,1.3726,1.3749799999999999,1.36694,1.36994,41350.0,4.0,0.0
2021-04-12,1.37009,1.37768,1.36682,1.3738299999999999,42483.0,4.0,0.0
2021-04-13,1.3732199999999999,1.3768799999999999,1.36933,1.3743699999999999,39116.0,4.0,0.0
2021-04-14,1.3743400000000001,1.3808799999999999,1.3743400000000001,1.37726,37530.0,5.0,0.0
2021-04-15,1.37726,1.38089,1.37609,1.37768,44823.0,4.0,0.0
2021-04-16,1.37728,1.38506,1.37149,1.3844,44541.0,4.0,0.0
2021-04-19,1.3827099999999999,1.39951,1.38097,1.39849,49454.0,4.0,0.0
2021-04-20,1.39837,1.40102,1.39268,1.3932,40941.0,4.0,0.0
2021-04-21,1.3932,1.39501,1.38858,1.39245,37884.0,4.0,0.0
2021-04-22,1.3921000000000001,1.39497,1.38226,1.38304,41266.0,4.0,0.0
2021-04-23,1.38296,1.38951,1.38296,1.3874900000000001,36760.0,4.0,0.0
2021-04-26,1.38686,1.393,1.38643,1.3894,36779.0,5.0,0.0
2021-04-27,1.38856,1.39242,1.38582,1.39047,35686.0,4.0,0.0
2021-04-28,1.39054,1.39509,1.38601,1.39358,47523.0,4.0,0.0
2021-04-29,1.39325,1.3976600000000001,1.39325,1.39325,44190.0,4.0,0.0
2021-04-30,1.39367,1.39584,1.38016,1.38068,47270.0,4.0,0.0
2021-05-03,1.38028,1.3932,1.3799299999999999,1.39043,36386.0,4.0,0.0
2021-05-04,1.38999,1.3912200000000001,1.38379,1.38831,59178.0,4.0,0.0
2021-05-05,1.38828,1.39264,1.38763,1.39031,35939.0,4.0,0.0
2021-05-06,1.38932,1.39406,1.38558,1.38798,47746.0,4.0,0.0
2021-05-07,1.3892,1.40058,1.38855,1.39837,51458.0,4.0,0.0
2021-05-10,1.40045,1.41591,1.39926,1.41159,51893.0,4.0,0.0
2021-05-11,1.41132,1.41672,1.4104700000000001,1.41334,51182.0,4.0,0.0
2021-05-12,1.41378,1.41538,1.40469,1.40469,63022.0,4.0,0.0
2021-05-13,1.40499,1.40781,1.40052,1.4046699999999999,55379.0,4.0,0.0
2021-05-14,1.40424,1.41113,1.4036,1.40938,42554.0,4.0,0.0
2021-05-17,1.40954,1.41473,1.40773,1.41364,41704.0,4.0,0.0
2021-05-18,1.41303,1.42212,1.4130099999999999,1.41814,47583.0,4.0,0.0
2021-05-19,1.41821,1.42014,1.40998,1.41065,71582.0,4.0,0.0
2021-05-20,1.4109,1.41928,1.4101,1.41821,51475.0,4.0,0.0
2021-05-21,1.41869,1.42346,1.41406,1.4144999999999999,51367.0,4.0,0.0
2021-05-24,1.4154900000000001,1.41717,1.41112,1.41475,43113.0,4.0,0.0
2021-05-25,1.41471,1.42113,1.41155,1.41463,51079.0,4.0,0.0
2021-05-26,1.4143,1.4176199999999999,1.4112,1.41136,46902.0,4.0,0.0
2021-05-27,1.41143,1.42197,1.40911,1.42002,50692.0,4.0,0.0
2021-05-28,1.41975,1.42085,1.41361,1.4181,73295.0,4.0,0.0
2021-05-31,1.41842,1.42181,1.4163999999999999,1.42046,41159.0,5.0,0.0
2021-06-01,1.42008,1.425,1.41452,1.41452,68748.0,4.0,0.0
2021-06-02,1.4146,1.41834,1.41106,1.4169100000000001,57830.0,4.0,0.0
2021-06-03,1.4169100000000001,1.42031,1.40856,1.40975,71048.0,4.0,0.0
2021-06-04,1.40942,1.42005,1.40825,1.41565,68438.0,4.0,0.0
2021-06-07,1.41505,1.4191099999999999,1.41112,1.4176,57178.0,4.0,0.0
2021-06-08,1.41736,1.41849,1.41205,1.4151799999999999,45401.0,4.0,0.0
2021-06-09,1.41524,1.41895,1.41095,1.4111500000000001,45270.0,5.0,0.0
2021-06-10,1.41082,1.41785,1.4072200000000001,1.41711,68355.0,4.0,0.0
2021-06-11,1.4156900000000001,1.41859,1.40949,1.41074,46373.0,4.0,0.0
2021-06-14,1.40961,1.41231,1.40694,1.41069,31987.0,4.0,0.0
2021-06-15,1.41029,1.4128,1.40336,1.40746,48121.0,4.0,0.0
2021-06-16,1.4074200000000001,1.41321,1.39816,1.39817,67303.0,4.0,0.0
2021-06-17,1.39828,1.4008,1.3895,1.39209,68074.0,4.0,0.0
2021-06-18,1.39208,1.39438,1.37908,1.37924,72702.0,5.0,0.0
2021-06-21,1.38035,1.39362,1.37857,1.39277,71399.0,4.0,0.0
2021-06-22,1.39262,1.39629,1.38597,1.39443,49987.0,4.0,0.0
2021-06-23,1.39484,1.40007,1.39234,1.39642,49029.0,4.0,0.0
